순번,의료기관명,의료기관종별,의료기관주소(도로명),의료기관전화번호
1,대한민국만만세병원,병원,"부산광역시 해운대구 해운대로 602, 3~4층층 (우동)",051-741-3131
2,더블유에스치과병원,치과병원,"부산광역시 해운대구 좌동순환로 6, 5층및 6층일부층 (중동)",051-703-7585
3,해운대 한빛요양병원,요양병원(일반요양병원),"부산광역시 해운대구 반여로 156, 한빛요양병원 (반여동)",051-929-2000
4,퀸즈파크여성병원,병원,"부산광역시 해운대구 해운대로 794, 10~11층 (좌동)",051-715-4100
5,이치과병원,치과병원,"부산광역시 해운대구 마린시티3로 23, 벽산이오렌지프라자 520호 (우동)",051-747-2828
6,센텀힐병원,병원,부산광역시 해운대구 해운대로161번길 40 (재송동),051-781-9194
7,해운대푸른바다어린이병원,병원,"부산광역시 해운대구 좌동순환로 505, 센트럴메디타워 3층일부, 11층일부, 12.13층,205호~208호 (중동)",051-714-3501
8,의료법인 해올의료재단 힐마루요양병원,요양병원(일반요양병원),"부산광역시 해운대구 달맞이길117번나길 174 (중동, 아식스신발연구소)",051-715-6000
9,의료법인 인당의료재단 해운대부민병원,종합병원,부산광역시 해운대구 해운대로 584 (우동),051-602-8000
10,밝은마음병원,정신병원,"부산광역시 해운대구 해운대로 575, 2~5층 (우동, 국제빌딩)",051-746-7272
11,센텀이루다요양병원,요양병원(일반요양병원),"부산광역시 해운대구 APEC로 17, 센텀리더스마크, 1.2층일부, 3층, 5~8층 (우동)",051-608-7000
12,세계로치과병원,치과병원,"부산광역시 해운대구 센텀동로 102, 센텀필1 2층 208호~213호호 (재송동)",051-782-2825
13,센텀아동병원,병원,"부산광역시 해운대구 해운대로 407, 6층 (우동, 신세계프라자)",051-743-1588
14,부산노인전문제3병원,요양병원(일반요양병원),부산광역시 해운대구 해운대로469번가길 77 (우동),051-780-5555
15,우정요양병원,요양병원(일반요양병원),"부산광역시 해운대구 좌동순환로 247, 2층, 6-9층 (좌동)",051-702-7994
16,의료법인 한세의료재단 한세병원,병원,"부산광역시 해운대구 세실로 31, 대승프라임 6층 (좌동)",051-702-6000
17,해운대성심요양병원,요양병원(일반요양병원),"부산광역시 해운대구 좌동순환로 462, 지하1층-지상7층 (중동, 성심병원)",051-743-5555
18,엘리움병원,병원,"부산광역시 해운대구 해운대로 794, 7~8층 (좌동, 삼정엘리움)",051-791-1006
19,해운대자생한방병원,한방병원,"부산광역시 해운대구 해운대로 793, 해운대자생한방병원 (좌동)",051-791-5101
20,김&정해운대병원,병원,"부산광역시 해운대구 좌동로 88, 8층 (좌동, 울트라타워)",051-702-7017
21,해운대나눔과행복병원,병원,"부산광역시 해운대구 좌동순환로 502, 1층일부, 3~9층 (중동)",051-744-0123
22,인제대학교 해운대백병원,종합병원,부산광역시 해운대구 해운대로 875 (좌동),051-797-0100
23,의료법인에벤에셀의료재단 아름다운요양병원,요양병원(일반요양병원),부산광역시 해운대구 해운대로61번길 47 (재송동),051-782-7400
24,새생명요양병원,요양병원(일반요양병원),"부산광역시 해운대구 해운대로 802, 10층 (좌동)",051-704-8661
25,의료재단 로뎀요양병원,요양병원(일반요양병원),부산광역시 해운대구 아랫반송로1번길 27-3 (반송동),051-544-8899
26,의료법인화인의료재단센텀화인요양병원,요양병원(일반요양병원),부산광역시 해운대구 해운대로76번길 12 (재송동),051-784-7297
27,바른길병원,병원,부산광역시 해운대구 선수촌로 144 (반여동),051-525-0058
28,의료법인 한세의료재단 효은요양병원,요양병원(일반요양병원),부산광역시 해운대구 달맞이길117번나길 24 (중동),051-746-8787
29,효성시티병원,병원,부산광역시 해운대구 해운대로 135 (재송동),051-709-3000
30,다시봄요양병원,요양병원(일반요양병원),"부산광역시 해운대구 해운대로 604, 명성빌딩 5~10층 (우동)",051-741-5668
31,미소요양병원,요양병원(일반요양병원),부산광역시 해운대구 아랫반송로6번길 37 (반송동),051-543-9100
32,달맞이요양병원,요양병원(일반요양병원),부산광역시 해운대구 달맞이길117번나길 30 (중동),051-744-5275
33,제일여성병원,병원,부산광역시 해운대구 좌동로 66 (중동),051-743-7431
34,의료법인인본의료재단해운대자명병원,정신병원,부산광역시 해운대구 해운대로469번가길 75 (우동),051-780-5566
35,의료법인 세광의료재단 성모안과병원,병원,부산광역시 해운대구 해운대로 409 (우동),051-743-0775
36,어썸치과의원,치과의원,"부산광역시 해운대구 센텀남대로 50, 센템임페리얼타워 902호 (우동)",051-741-2875
37,센텀더탑의원,의원,"부산광역시 해운대구 해운대로76번길 65, 2층 일부호 (재송동)",051-781-5888
38,센텀시티의원,의원,"부산광역시 해운대구 센텀중앙로 145, 상가7동 103-2호 (재송동, 더샵센텀파크1차아파트)",051-926-1100
39,두드림정형외과의원,의원,"부산광역시 해운대구 세실로 43, 경동코아 2층 (좌동)",051-702-8788
40,살루스한의원,한의원,"부산광역시 해운대구 센텀동로 25, 상가B동 236호 (우동, 대우월드마크센텀아파트)",051-741-2203
41,태흥당한의원,한의원,"부산광역시 해운대구 세실로 75, 일진빌딩 4층 402호 (좌동)",051-701-1075
42,청담플러스의원,의원,"부산광역시 해운대구 중동2로 16, 해운대온천센터 2층 일부호 (중동)",051-747-5647
43,마린한의원,한의원,"부산광역시 해운대구 마린시티2로 2, 마린파크 714~5호 (우동)",051-747-5421
44,그레이스피부과의원,의원,"부산광역시 해운대구 좌동순환로 6, L TOWER 10층 (중동)",051-710-1891
45,해운대센트럴내과의원,의원,"부산광역시 해운대구 해운대로 650, 201동 301호 (우동)",051-714-0075
46,부산썬의원,의원,"부산광역시 해운대구 좌동순환로 395, 201호 (중동)",051-741-9660
47,센텀릴리의원,의원,"부산광역시 해운대구 센텀2로 15, 센텀브라이빌딩 4층 403호 (우동)",051-753-5113
48,센텀속시원내과의원,의원,"부산광역시 해운대구 해운대로 415, 701호 (우동)",051-731-7272
49,다미인한의원,한의원,"부산광역시 해운대구 해운대로 802, 웅신시네아트 403호 (좌동)",051-711-4257
50,리안성모안과의원,의원,"부산광역시 해운대구 해운대로 650, 201동 401호 (우동)",051-715-7766
51,더핌의원,의원,"부산광역시 해운대구 해운대로 794, 엘리움 1401~1402호 (좌동)",051-743-0099
52,수마취통증의학과의원,의원,"부산광역시 해운대구 재반로 220, 오븐에꾸운닭 2층 (반여동)",051-524-8900
53,삼성리한여성의원,의원,"부산광역시 해운대구 해운대로 802, 웅신시네아트 B동 203호 (좌동)",051-929-0100
54,오케이하트내과의원,의원,"부산광역시 해운대구 재반로 116, 4층 (재송동)",051-782-3393
55,리젠재활의학과의원,의원,"부산광역시 해운대구 해운대로 413, 3~4층 (우동)",051-715-1661
56,스카이의원,의원,"부산광역시 해운대구 센텀남대로 50, 센템임페리얼타워 11층 1103호 (우동)",
57,조은항외과의원,의원,"부산광역시 해운대구 좌동순환로 6, L TOWER 11층 (중동)",051-968-1000
58,웰의원,의원,"부산광역시 해운대구 센텀동로 25, 214호 (우동, 대우월드마크센텀아파트)",051-954-1000
59,데르마피부과의원,의원,"부산광역시 해운대구 해운대로 415, 8층 (우동)",051-711-9668
60,네이처치과의원,치과의원,"부산광역시 해운대구 해운대로 415, 2층 201호 (우동)",051-715-2824
61,삼성브레인신경과의원,의원,"부산광역시 해운대구 해운대로 415, 601호 (우동)",051-747-2195
62,광덕안정한의원,한의원,"부산광역시 해운대구 세실로 48, 213, 216호 (좌동, 해운대삼정코아주상복합)",051-715-4723
63,서울한의원,한의원,"부산광역시 해운대구 재반로 83, 4층 1호 (재송동)",051-781-3888
64,순메디컬의원,의원,"부산광역시 해운대구 재반로 253-1, 문훈치과 2층 (반여동)",051-784-2243
65,희망한의원,한의원,"부산광역시 해운대구 세실로 87, 영진파스타 401호 (좌동)",051-791-0031
66,센텀부부치과의원,치과의원,"부산광역시 해운대구 선수촌로 80, 3,4층 (반여동)",051-710-2898
67,위아더성형외과의원,의원,"부산광역시 해운대구 해운대로 415, 9층 (우동)",051-715-8884
68,닥터앰버치과의원,치과의원,"부산광역시 해운대구 달맞이길117번가길 153, 3층 (중동)",051-951-0075
69,박흥철치과의원,치과의원,"부산광역시 해운대구 해운대로 814, 세종월드프라자 308호 (좌동)",051-711-7528
70,아름다운의원,의원,"부산광역시 해운대구 선수촌로 103-4, 7층 (반여동)",051-525-7582
71,365자연안에한의원,한의원,"부산광역시 해운대구 해운대로 814, 세종월드프라자 601-3, 601-4호 (좌동)",051-704-1500
72,오아스한의원,한의원,"부산광역시 해운대구 해운대해변로 353, 3층 306호 (중동)",051-747-1688
73,센텀튼튼정형외과의원,의원,"부산광역시 해운대구 재반로 176, 301호 303호호 (재송동)",051-781-8575
74,풀의우주한의원,한의원,"부산광역시 해운대구 좌동순환로8번길 54-13, 1,2층 (중동)",051-710-5475
75,닥터준치과의원,치과의원,"부산광역시 해운대구 마린시티2로 33, 104동 528호 (우동, 해운대두산위브더제니스)",051-623-7676
76,유앤밸런스의원,의원,"부산광역시 해운대구 좌동로 88, 울트라타워 10층 (좌동)",051-710-2176
77,라라피부과의원,의원,"부산광역시 해운대구 APEC로 17, 센텀리더스마크 405~412호 (우동)",051-715-7057
78,청담헤아린의원,의원,"부산광역시 해운대구 센텀동로 9, 217-218호 (우동, 트럼프월드센텀아파트)",051-747-3111
79,해운대탄탄정형외과의원,의원,"부산광역시 해운대구 좌동순환로 176, 장산빌딩 5층 (좌동)",051-704-1010
80,정우영소아청소년과의원,의원,"부산광역시 해운대구 센텀동로 25, A동 224호 (우동, 대우월드마크센텀아파트)",051-746-3332
81,마디호한의원,한의원,"부산광역시 해운대구 선수촌로 94, 대룡빌딩 302호 (반여동)",051-714-7169
82,부산건우정형외과의원,의원,"부산광역시 해운대구 좌동순환로 6, L TOWER 8-9층 (중동)",051-710-0001
83,정우영정신건강의학과의원,의원,"부산광역시 해운대구 중동1로 25-1, 3층 (중동)",051-741-9974
84,푸른숲안과의원,의원,"부산광역시 해운대구 해운대로 802, 웅신시네아트 2층 204호 (좌동)",051-702-7070
85,수한의원,한의원,"부산광역시 해운대구 좌동순환로 174, 거성빌딩 403호 (좌동)",051-853-8275
86,청춘내과마취통증의학과의원,의원,"부산광역시 해운대구 신반송로 194, 2층 8호 (반송동, 광하아파트)",051-714-7125
87,백정형외과의원,의원,"부산광역시 해운대구 양운로 92, 나하나빌딩 8층 (좌동)",051-928-0100
88,해운대온담치과의원,치과의원,"부산광역시 해운대구 좌동순환로 176, 장산빌딩 4층 (좌동)",051-701-0111
89,서울메트로의원,의원,"부산광역시 해운대구 재반로 344, 서울메트로병원 (반여동)",051-540-9999
90,송정플란트치과의원,치과의원,"부산광역시 해운대구 송정중앙로 13, 2층 (송정동)",051-717-3373
91,그대고운피부과의원,의원,"부산광역시 해운대구 세실로 64, 306~309호 (좌동, 화목데파트)",051-914-2400
92,힐스의원,의원,"부산광역시 해운대구 좌동순환로433번길 30-1, 해운대힐스테이트위브 313호 (중동)",051-988-1188
93,서울편한내과의원,의원,"부산광역시 해운대구 마린시티2로 33, 104동 621~626호 (우동, 해운대두산위브더제니스)",051-742-8887
94,좌동소아청소년과의원,의원,"부산광역시 해운대구 세실로 43, 경동코아 506호 (좌동)",051-804-1761
95,유진한의원,한의원,"부산광역시 해운대구 중동1로 33-1, 2층 (중동)",051-747-7234
96,사랑가득한내과의원,의원,"부산광역시 해운대구 재반로 237, 6층 (반여동)",051-711-5711
97,시원한제통외과의원,의원,"부산광역시 해운대구 아랫반송로26번길 33, 2층 (반송동)",051-542-3238
98,센텀희여성의원,의원,"부산광역시 해운대구 센텀북대로 60, 센텀아이에스타워 1층 108호 (재송동)",051-710-2021
99,해찬한의원,한의원,"부산광역시 해운대구 좌동로 88, 울트라타워 203호 (좌동)",051-702-6210
100,호호미한의원,한의원,"부산광역시 해운대구 선수촌로 89-1, 3층 (반여동)",051-715-5505
101,류마이지내과의원,의원,"부산광역시 해운대구 반여로41번길 54, 꿈의메디컬 3, 4층 (반여동)",051-710-8200
102,화인의원,의원,"부산광역시 해운대구 선수촌로 57-30, 2층 (반여동)",051-710-8500
103,루미에의원,의원,"부산광역시 해운대구 달맞이길 30, 2005호 (중동, 엘시티)",051-746-1007
104,센텀아나파마취통증의학과의원,의원,"부산광역시 해운대구 재반로 82, 장안빌딩 4층 일부호 (재송동)",0507-1437-7963
105,치아발전소치과의원,치과의원,"부산광역시 해운대구 해운대로 802, 웅신시네아트 5층 501,502호 (좌동)",051-711-0428
106,재생플란트치과의원,치과의원,"부산광역시 해운대구 센텀2로 25, 센텀드림월드 203호 (우동)",051-747-2804
107,강내과의원,의원,"부산광역시 해운대구 대천로103번길 61, 상가동 309-1호 (좌동, 엘지아파트)",051-704-9505
108,미즈포유여성의원,의원,"부산광역시 해운대구 양운로 82, 해운대화인크리닉센타 601호 (좌동)",051-636-7975
109,씨앤유의원,의원,"부산광역시 해운대구 센텀남대로 50, 센템임페리얼타워 1501호 (우동)",051-744-8889
110,건강드림가정의학과의원,의원,"부산광역시 해운대구 선수촌로 66, 2층 일부호 (반여동)",051-528-0075
111,메디컬오한의원부산센텀점,한의원,"부산광역시 해운대구 센텀2로 25, 센텀드림월드 602, 602-1호 (우동)",051-791-1077
112,신우원내과의원,의원,"부산광역시 해운대구 센텀남대로 50, 센템임페리얼타워 A801호 (우동)",051-920-7777
113,손성락정신건강의학과의원,의원,"부산광역시 해운대구 선수촌로 109-1, 반여아시아드몰 202호 (반여동)",051-531-8875
114,서울백치과의원,치과의원,"부산광역시 해운대구 윗반송로 68, 1층 (반송동)",051-900-1900
115,웨이브치과의원,치과의원,"부산광역시 해운대구 재반로 80-1, 3층 (재송동)",051-783-2860
116,와이디정신건강의학과의원,의원,"부산광역시 해운대구 해운대로 407, 신세계프라자 303 일부호 (우동)",051-747-8005
117,더바른한의원,한의원,"부산광역시 해운대구 해운대로 794, 엘리움 304,305,403호 (좌동)",051-758-9188
118,반여센텀소아청소년과의원,의원,"부산광역시 해운대구 선수촌로 65-25, 우진빌딩 1,4,5층 (반여동)",051-532-0555
119,라온셀의원,의원,"부산광역시 해운대구 중동1로 11, 우1동우체국 8층 (우동)",051-806-7666
120,봄치과의원,치과의원,"부산광역시 해운대구 해운대로 814, 세종월드프라자 216호 (좌동)",051-704-2279
121,센텀숲정신건강의학과의원,의원,"부산광역시 해운대구 센텀남대로 50, 센템임페리얼타워 A901일부호 (우동)",051-711-2113
122,동백제니스의원,의원,"부산광역시 해운대구 해운대로 540, 105~109,118호 (우동, 해운대 동백 두산위브더제니스)",051-747-3490
123,더큰아이소아청소년과의원,의원,"부산광역시 해운대구 해운대로 794, 엘리움 201~203호 (좌동)",051-711-7878
124,홍진욱비뇨의학과의원,의원,"부산광역시 해운대구 해운대로 794, 엘리움 301호, 302일부호 (좌동)",051-742-7575
125,365엠씨람스에스씨의원,의원,"부산광역시 해운대구 센텀2로 20, 센텀타워메디컬 1403호 (우동)",1577-3653
126,장산힐의원,의원,"부산광역시 해운대구 좌동로 88, 울트라타워 1201호, 1301~1302호 (좌동)",051-704-7779
127,일라스의원,의원,"부산광역시 해운대구 센텀2로 25, 센텀드림월드 1401호 (우동)",051-710-0821
128,삼성공감정신건강의학과의원,의원,"부산광역시 해운대구 센텀동로 9, 221호 (우동, 트럼프월드센텀아파트)",051-746-3302
129,장산닥터남비뇨의학과의원,의원,"부산광역시 해운대구 세실로 64, 310~312호 (좌동, 화목데파트)",051-702-5825
130,해운대365치과의원,치과의원,"부산광역시 해운대구 좌동순환로 247, 유안빌딩 3층 (좌동)",051-703-0703
131,위강한의원,한의원,"부산광역시 해운대구 좌동순환로 505, 센트럴메디타워 3층 301호 (중동)",051-731-7582
132,제이엠가정의학과의원,의원,"부산광역시 해운대구 센텀남대로 50, 2층 202 일부호 (우동)",051-791-0972
133,더힘찬한의원,한의원,"부산광역시 해운대구 좌동로 98, 디베르비타 301호 (좌동)",051-703-1075
134,서울연합의원,의원,"부산광역시 해운대구 신반송로 184, 3층 (반송동)",051-542-6636
135,365동백한의원,한의원,"부산광역시 해운대구 해운대로 663, 에이동 209호 (우동, 해운대비스타동원)",051-711-7588
136,한음한방신경정신과한의원,한의원,"부산광역시 해운대구 센텀3로 20, 벡스코 비지니스호텔 303호 (우동)",051-731-5001
137,준의원,의원,"부산광역시 해운대구 마린시티2로 33, 104동 202,203호 (우동, 해운대두산위브더제니스)",051-931-0103
138,소피스의원,의원,"부산광역시 해운대구 좌동순환로 505, 센트럴메디타워 1106~1108호 (중동)",051-715-1107
139,해운대로치과의원,치과의원,"부산광역시 해운대구 해운대해변로 335, CFC빌딩 2,3층 (중동)",051-741-8080
140,해아림한의원부산센텀점,한의원,"부산광역시 해운대구 센텀2로 24, 센텀다이아몬드 202호 (우동)",051-731-1075
141,성명준내과의원,의원,"부산광역시 해운대구 세실로 77, 성부빌딩 3층 (좌동)",051-701-7575
142,비스타안과의원,의원,"부산광역시 해운대구 좌동순환로 505, 센트럴메디타워 1101호 일부호, 1102~1104호 (중동)",051-710-7100
143,시그널성형외과의원,의원,"부산광역시 해운대구 센텀남대로 50, 센템임페리얼타워빌딩 301호 (우동)",051-715-9007
144,로뎀소아청소년과의원,의원,"부산광역시 해운대구 해운대로 365, 8층 (우동)",051-937-2020
145,이승휘정신건강의학과의원,의원,"부산광역시 해운대구 해운대로 620, 해운대 라뮤에뜨 219,220호 (우동)",051-741-7542
146,박종권신경과의원,의원,"부산광역시 해운대구 재반로12번길 27, 1층 (재송동)",051-783-3770
147,에스아산이비인후과의원,의원,"부산광역시 해운대구 해운대로 814, 세종월드프라자 B동 419호,420호일부호 (좌동)",051-701-8575
148,제이케이로마치과의원,치과의원,"부산광역시 해운대구 해운대로 802, 웅신시네아트 A동 317호 (좌동)",051-703-2323
149,화이트이치과의원,치과의원,"부산광역시 해운대구 좌동로 93, 해운대농협 3층 (좌동)",051-710-2882
150,다담한의원,한의원,"부산광역시 해운대구 재반로 200-1, 2층 (반여동)",051-783-1075
151,이든이비인후과의원,의원,"부산광역시 해운대구 해운대로 600, 2층 (우동)",051-791-1700
152,늘편한한의원,한의원,"부산광역시 해운대구 선수촌로 104-10, 선수촌빌딩 2층 (반여동)",051-521-1075
153,사랑모아치과의원,치과의원,"부산광역시 해운대구 해운대로 802, 웅신시네아트 2층 210호 (좌동)",051-702-2080
154,바다여성산부인과의원,의원,"부산광역시 해운대구 좌동순환로 506, 영풍리젠시 503호 (중동)",051-711-3355
155,해운대내과의원,의원,"부산광역시 해운대구 해운대로 802, 웅신시네아트 A동 418,419,420호 (좌동)",051-704-5050
156,유케이성형외과의원,의원,"부산광역시 해운대구 해운대로 365, 6층 (우동)",051-710-8250
157,아이케이의원,의원,"부산광역시 해운대구 센텀2로 25, 센텀드림월드 9층 902호 (우동)",051-710-7300
158,장정형외과의원,의원,"부산광역시 해운대구 재반로 237, 3,4층 (반여동)",051-784-1119
159,민중의의원,의원,"부산광역시 해운대구 우동1로 50, 2층 (우동)",051-746-7472
160,임미란정신건강의학과의원,의원,"부산광역시 해운대구 선수촌로 98, 경신빌딩 5층 (반여동)",051-949-1119
161,해월씨에스의원,의원,"부산광역시 해운대구 달맞이길 227, 2,3,4층 (중동)",051-710-7090
162,센텀마취통증의학과의원,의원,"부산광역시 해운대구 선수촌로 104-10, 선수촌빌딩 A동 4층 (반여동)",051-715-8996
163,센텀삼성재활의학과의원,의원,"부산광역시 해운대구 해운대로 365, 501호 (우동)",051-591-1112
164,해운대코끼리정형외과의원,의원,"부산광역시 해운대구 해운대로 802, 웅신시네아트 413호 (좌동)",051-702-7579
165,시원의원,의원,"부산광역시 해운대구 좌동로 95, 해운대동대문상가 3층 301~302호 (좌동)",051-704-7575
166,임용빈신경과의원,의원,"부산광역시 해운대구 양운로 82, 해운대화인크리닉센타 5층 503호 (좌동)",051-701-9700
167,서앤장센텀내과의원,의원,"부산광역시 해운대구 해운대로 365, 301,401호 (우동)",051-715-1570
168,센텀화외과의원,의원,"부산광역시 해운대구 해운대로 365, 201,701호 (우동)",051-710-8253
169,반여가정의학과의원,의원,"부산광역시 해운대구 재반로 227, 수협 2층 (반여동)",051-784-5005
170,미앤미의원,의원,"부산광역시 해운대구 센텀2로 19, 센텀코아 702호 (우동)",051-743-1171
171,센텀시원정형외과의원,의원,"부산광역시 해운대구 재반로 86, 2층 (재송동)",051-781-2119
172,연세센텀치과교정과치과의원,치과의원,"부산광역시 해운대구 선수촌로 80, 2층 (반여동)",051-528-2885
173,해운대본치과의원,치과의원,"부산광역시 해운대구 대천로 104, 3층 (좌동)",051-704-2131
174,목화한의원,한의원,"부산광역시 해운대구 좌동순환로 301, 금강빌딩 3층 (좌동)",051-701-1525
175,센텀이룸여성의원,의원,"부산광역시 해운대구 센텀2로 20, 센텀타워메디컬 1003,1103호 (우동)",051-758-8275
176,센텀삼성비뇨의학과의원,의원,"부산광역시 해운대구 해운대로 369, 해운대센텀메디칼센터 2층 (우동)",051-742-7588
177,센텀내과의원,의원,"부산광역시 해운대구 선수촌로 104-10, 선수촌빌딩 2,5층(일부),3층 (반여동)",051-710-0690
178,마리나메디컬의원,의원,"부산광역시 해운대구 해운대해변로 154, 5층 (우동)",051-743-1661
179,바로그의원,의원,"부산광역시 해운대구 해운대로 794, 엘리움 703호 (좌동)",051-715-8022
180,봄봄한의원,한의원,"부산광역시 해운대구 마린시티3로 23, 벽산이오렌지프라자 229호~230호 (우동)",051-731-1276
181,우리정형외과의원,의원,"부산광역시 해운대구 윗반송로 94, 지하1층~지상4층 (반송동)",051-542-0954
182,이노의원,의원,"부산광역시 해운대구 해운대로 620, 해운대 라뮤에뜨 305호~309호 (우동)",051-968-2828
183,원내과의원,의원,"부산광역시 해운대구 재반로63번길 32, 1층일부,2~3층 (재송동, 창광빌라)",051-783-8288
184,몸과마음한의원,한의원,"부산광역시 해운대구 좌동순환로 505, 센트럴메디타워 502호 (중동)",051-731-1370
185,국민45플란트치과의원,치과의원,"부산광역시 해운대구 센텀2로 10, 센텀메디컬센타 8층 (우동)",051-746-7503
186,온누리한의원,한의원,"부산광역시 해운대구 해운대로 369, 해운대센텀메디칼센터 2층 일부호 (우동)",051-742-7555
187,신대암메디칼의원,의원,"부산광역시 해운대구 해운대로91번길 21-13, 1~2층 (재송동)",051-916-0111
188,시은한의원,한의원,"부산광역시 해운대구 좌동순환로 505, 센트럴메디타워 2층 204호 (중동)",051-746-1079
189,유림한의원,한의원,"부산광역시 해운대구 아랫반송로26번길 33, 2층 (반송동)",051-543-8288
190,좋은이웃치과의원,치과의원,"부산광역시 해운대구 좌동순환로 76, 신도프라자 2층 (좌동)",051-746-6200
191,센텀푸른이비인후과의원,의원,"부산광역시 해운대구 해운대로76번길 16, 402호 (재송동)",051-781-8855
192,에스더의원,의원,"부산광역시 해운대구 좌동순환로 505, 센트럴메디타워 303호,304호 (중동)",051-743-7272
193,센텀어린이치과의원,치과의원,"부산광역시 해운대구 센텀중앙로 142, 상가1동 202호 (재송동, 더샵센텀파크2차아파트)",051-747-2855
194,더원이비인후과의원,의원,"부산광역시 해운대구 선수촌로 103-4, 5층 (반여동)",051-710-1333
195,서자영산부인과의원,의원,"부산광역시 해운대구 선수촌로 102-2, 부원메디칼센타 4층 402호 (반여동)",051-525-0033
196,제이영의원,의원,"부산광역시 해운대구 좌동순환로 505, 센트럴메디타워 9층 902~904호 (중동)",051-731-0075
197,기립마취통증의학과의원기립한의원,의원,"부산광역시 해운대구 세실로27번길 23, 샤인빌딩 3층 301호 (좌동)",051-711-1042
198,기립마취통증의학과의원기립한의원,한의원,"부산광역시 해운대구 세실로27번길 23, 샤인빌딩 3층 301호 (좌동)",051-711-1042
199,메디우먼여성의원,의원,"부산광역시 해운대구 해운대로 602, 해피투모로우마린 1층일부호,2층,5층 (우동)",051-731-4800
200,산사나무한의원,한의원,"부산광역시 해운대구 세실로 33, 301호 (좌동)",051-704-3475
201,노바치과의원,치과의원,"부산광역시 해운대구 좌동순환로 505, 9층 905~908호 (중동, 센트럴메디타워)",051-747-0100
202,엘치과의원,치과의원,"부산광역시 해운대구 좌동순환로 505, 10층 1001~1004호 (중동, 센트럴메디타워)",051-751-2882
203,서울미성형외과의원,의원,"부산광역시 해운대구 좌동순환로 505, 1005호~1007호 (중동)",051-746-9965
204,정태영정신건강의학과의원,의원,"부산광역시 해운대구 좌동순환로 505, 701호, 702-1호 (중동)",051-742-9898
205,시원재활의학과의원,의원,"부산광역시 해운대구 좌동순환로 505, 센트럴메디타워 405,702-2,703호 (중동)",051-715-1275
206,경희해운대한의원,한의원,"부산광역시 해운대구 좌동순환로 505, 3층 302호 (중동)",051-742-1077
207,호두내과의원,의원,"부산광역시 해운대구 좌동순환로 505, 센트럴메디타워 801, 802호 (중동)",051-747-8877
208,제니스라인치과교정과치과의원,치과의원,"부산광역시 해운대구 마린시티2로 33, 104동 921호 (우동, 해운대두산위브더제니스)",051-746-2858
209,해운대한겨레치과의원,치과의원,"부산광역시 해운대구 해운대로 802, 310, 311호 (좌동, 웅신시네아트)",051-702-2132
210,마린시티신경과의원,의원,"부산광역시 해운대구 마린시티2로 2, 601~603호 (우동, 마린파크)",051-864-2744
211,아이맘소아청소년과의원,의원,"부산광역시 해운대구 센텀중앙로 145, 상가1동 403호 (재송동, 더샵센텀파크1차아파트)",051-744-3930
212,고려의원,의원,"부산광역시 해운대구 반송로924번길 13, 1층 (반송동)",070-4136-7575
213,우리바른치과의원,치과의원,"부산광역시 해운대구 센텀중앙로 78, 2층 201호 (우동, 센텀그린타워)",051-743-2805
214,임태형내과의원,의원,"부산광역시 해운대구 좌동순환로 441, 4층 (중동)",051-742-8002
215,나비솔한의원,한의원,"부산광역시 해운대구 해운대로 802, B동 404호 (좌동, 웅신시네아트, 일부)",051-627-5678
216,이정빈 정신건강의학과의원,의원,"부산광역시 해운대구 좌동순환로 173, 7층 (좌동, 영풍프라자, 일부)",051-702-1006
217,한마음치과의원,치과의원,"부산광역시 해운대구 선수촌로 103-4, 6층 (반여동)",051-524-7528
218,센텀서울정형외과의원,의원,"부산광역시 해운대구 선수촌로 103-4, 3, 4층 (반여동)",051-791-2500
219,백평한의원,한의원,"부산광역시 해운대구 윗반송로 64, 지하1층 (반송동)",051-545-1100
220,기린정형외과의원,의원,"부산광역시 해운대구 중동1로 39, 2층 일부, 3층 (중동)",051-741-6676
221,성모더오정신건강의학과의원,의원,"부산광역시 해운대구 세실로 75, 5층 (좌동, 일진빌딩)",051-703-7555
222,손정신건강의학과의원,의원,"부산광역시 해운대구 재반로 86, 3층 (재송동)",051-781-9500
223,제이린의원,의원,"부산광역시 해운대구 센텀동로 25, 219~220호 (우동, 대우월드마크센텀아파트)",051-742-9975
224,바로서한의원,한의원,"부산광역시 해운대구 해운대로76번길 16, 301호 (재송동)",051-781-7585
225,화인마취통증의학과의원,의원,"부산광역시 해운대구 센텀남대로 50, 센템임페리얼타워빌딩 A202호 일부호 (우동)",051-743-1119
226,이슬기안과의원,의원,"부산광역시 해운대구 해운대로 794, 602호 (좌동, 엘리움)",051-714-2800
227,토브성형외과의원,의원,"부산광역시 해운대구 마린시티2로 33, 104동 924호 (우동, 해운대두산위브더제니스)",051-744-1031
228,리쥬브의원,의원,"부산광역시 해운대구 센텀2로 25, 센텀드림월드 1003호 (우동)",051-808-0545
229,강영미산부인과의원,의원,"부산광역시 해운대구 해운대로 407, 302호 (우동, 신세계프라자)",051-741-7982
230,에이케이정형외과의원,의원,"부산광역시 해운대구 양운로 98, 504,505호 (좌동, 대하프라자)",051-702-7757
231,첫사랑니치과의원,치과의원,"부산광역시 해운대구 센텀1로 9, 롯데갤러리움센텀 S동 3층 312호 (우동)",051-758-2887
232,신제일의원,의원,"부산광역시 해운대구 신반송로 163, 상가8호동 201호 (반송동, 남흥아파트)",051-545-1672
233,자윤한의원,한의원,"부산광역시 해운대구 센텀1로 9, E202~3호 (우동, 롯데갤러리움센텀)",051-714-2789
234,라임소아청소년과의원,의원,"부산광역시 해운대구 마린시티2로 2, 706호 (우동, 마린파크)",051-747-9111
235,자연과한의원,한의원,"부산광역시 해운대구 센텀2로 25, 1001호 (우동, 센텀드림월드)",051-731-4001
236,씨엔에스(CNS)해운대정형외과의원,의원,"부산광역시 해운대구 마린시티2로 2, 마린파크 911~915호 (우동)",051-747-0205
237,유피성형외과의원,의원,"부산광역시 해운대구 세실로 75, 502호 (좌동, 일진빌딩)",051-701-2100
238,서울참어린이치과의원,치과의원,"부산광역시 해운대구 해운대로 814, 407,408호 (좌동, 세종월드프라자)",051-701-2879
239,소나무한의원,한의원,"부산광역시 해운대구 좌동로91번길 49, 201호 (좌동, 디아이하우스)",051-701-0020
240,아이랑소아청소년과의원,의원,"부산광역시 해운대구 좌동순환로 506, 504호 (중동, 영풍리젠시)",051-742-1518
241,바람케이의원,의원,"부산광역시 해운대구 해운대해변로 287, 302,303호 (중동, 씨클라우드)",051-731-7577
242,맑은숨이비인후과의원,의원,"부산광역시 해운대구 좌동순환로 505, 601호, 602-1호 (중동)",051-731-2420
243,빼어날수의원,의원,"부산광역시 해운대구 재반로 86, 5층 (재송동)",051-783-7999
244,서울바른현치과의원,치과의원,"부산광역시 해운대구 마린시티2로 2, 704,705호 (우동, 마린파크)",051-742-8285
245,이룸연합치과의원,치과의원,"부산광역시 해운대구 재반로 86, 4층 (재송동)",051-783-2255
246,장산최내과의원,의원,"부산광역시 해운대구 세실로 64, 203, 204, 204-1호 (좌동, 화목데파트)",051-702-5588
247,리엔하이피부과의원,의원,부산광역시 해운대구 해운대로 624 (우동),051-714-2135
248,한빛연합의원,의원,"부산광역시 해운대구 중동1로 12, 3층 (우동, 해성빌딩)",051-752-7585
249,우람한의원,한의원,"부산광역시 해운대구 중동2로 16, 3층 (중동, 해운대온천센터)",051-747-7597
250,연세랑정신건강의학과의원,의원,"부산광역시 해운대구 좌동순환로 506, 304호 (중동, 영풍리젠시)",051-731-1026
251,온유한의원,한의원,"부산광역시 해운대구 해운대로 814, B동 518~9호 (좌동, 세종월드프라자)",051-704-1574
252,힐스치과의원,치과의원,"부산광역시 해운대구 좌동순환로433번길 30-1 (중동, 해운대힐스테이트위브)",051-747-2879
253,부강 강치과의원,치과의원,"부산광역시 해운대구 센텀3로 20, 203-1호 (우동, 벡스코 비지니스호텔)",051-242-2080
254,사임당한의원,한의원,"부산광역시 해운대구 센텀2로 20, 703호 (우동, 센텀타워메디컬)",051-717-0379
255,베리웰치과의원,치과의원,"부산광역시 해운대구 세실로 75, 3층 (좌동, 일진빌딩)",051-702-2251
256,센텀비비의원,의원,"부산광역시 해운대구 센텀2로 19, 301호 (우동, 센텀코아)",051-742-0885
257,센텀고운선형한의원,한의원,"부산광역시 해운대구 센텀남대로 50, 602호 (우동, 센템임페리얼타워빌딩)",051-627-3366
258,근산한의원,한의원,부산광역시 해운대구 재반로 205-1 (반여동),051-781-0812
259,뮬피부과의원,의원,"부산광역시 해운대구 센텀동로 26, B동 201-1호 (우동, 한화꿈에그린센텀)",051-907-2233
260,좋은의원,의원,"부산광역시 해운대구 아랫반송로 57, 2층 (반송동)",051-543-0360
261,센텀엘의원,의원,"부산광역시 해운대구 센텀2로 15, 센텀브라이빌딩 201호, 202호 (우동)",051-723-3650
262,척바른의원,의원,"부산광역시 해운대구 재반로 80-1, 2층 (재송동)",051-784-7577
263,서울하이안치과의원,치과의원,"부산광역시 해운대구 해운대로 814, 522호 (좌동, 세종월드프라자)",051-704-2882
264,라띠엔느의원,의원,"부산광역시 해운대구 센텀3로 20, 벡스코 비지니스호텔 203호 (우동)",051-702-4431
265,에이지의원,의원,"부산광역시 해운대구 센텀3로 26, 502호 (우동, 센텀스퀘어)",051-744-0824
266,센텀연의원,의원,"부산광역시 해운대구 센텀2로 25, 센텀드림월드 502호 (우동)",051-714-1883
267,노블레스성형외과의원,의원,"부산광역시 해운대구 센텀2로 20, 센텀타워메디컬 3층 303호 (우동)",051-806-1101
268,도원한의원,한의원,"부산광역시 해운대구 센텀1로 9, E동 304호 (우동, 롯데갤러리움센텀)",051-626-8275
269,뮤즈의원,의원,"부산광역시 해운대구 센텀2로 20, 센텀타워메디컬 503호 (우동)",051-927-5222
270,센텀에이스치과의원,치과의원,"부산광역시 해운대구 센텀중앙로 48, 304호 (우동, 에이스하이테크21)",051-747-8275
271,연세으랏차정형외과의원,의원,"부산광역시 해운대구 세실로 64, 201호 (좌동, 화목데파트)",051-702-7598
272,센텀코어의원,의원,"부산광역시 해운대구 센텀남대로 50, 센템임페리얼타워 1202호 (우동)",051-920-7799
273,센텀아시아치과의원,치과의원,"부산광역시 해운대구 센텀동로 9, 상가 2층 226호 (우동, 트럼프월드센텀아파트)",051-900-8275
274,에이치브이디(HVD)의원,의원,"부산광역시 해운대구 해운대로 407, 501호 (우동, 신세계프라자빌딩)",051-743-7979
275,뷰티플란트 치과의원,치과의원,"부산광역시 해운대구 재반로 176, 302호 (재송동, 미진상가)",051-715-2828
276,마린시티치과교정과치과의원,치과의원,"부산광역시 해운대구 마린시티2로 2, 1605호 (우동, 마린파크)",051-742-7728
277,센텀속사랑내과의원,의원,"부산광역시 해운대구 센텀2로 20, 903호 (우동, 센텀타워메디컬)",051-714-6277
278,코엔젤의원,의원,"부산광역시 해운대구 마린시티2로 2, 1806-1808호 (우동, 마린파크)",051-714-7111
279,디엘의원,의원,"부산광역시 해운대구 센텀2로 15, 1001호 (우동, 센텀브라이빌딩)",051-715-2874
280,블루정형외과의원,의원,"부산광역시 해운대구 해운대로 604, 2층 (우동, 명성빌딩)",051-747-5331
281,보스턴치과의원,치과의원,"부산광역시 해운대구 선수촌로 58, 3층 (반여동)",051-531-2833
282,금송한의원,한의원,"부산광역시 해운대구 재반로 228, 2층 (반여동)",051-996-4555
283,동의사랑한의원,한의원,"부산광역시 해운대구 재반로 81-10, 2층 (재송동)",051-783-8875
284,부산뽀빠이정형외과의원,의원,"부산광역시 해운대구 센텀2로 20, 403호 (우동, 센텀타워메디컬)",051-747-5003
285,열린한의원,한의원,"부산광역시 해운대구 재반로 244, 2,3,5층 (반여동)",051-529-8275
286,디자인의원,의원,"부산광역시 해운대구 마린시티2로 2, 507~510호 (우동, 마린파크)",051-731-7588
287,사암통도한의원,한의원,"부산광역시 해운대구 마린시티2로 2, 605~6호 (우동, 마린파크)",051-747-8040
288,하이엘치과의원,치과의원,"부산광역시 해운대구 마린시티2로 2, 515호 (우동, 마린파크)",051-747-2875
289,여명부부한의원,한의원,"부산광역시 해운대구 해운대로469번길 132, 2층 (우동, 정운상가)",051-714-4747
290,반석치과의원,치과의원,"부산광역시 해운대구 선수촌로 101, 4층 (반여동)",051-528-0028
291,애코이비인후과의원,의원,"부산광역시 해운대구 마린시티2로 2, 711~713호 (우동)",051-747-5085
292,마린안과의원,의원,"부산광역시 해운대구 마린시티2로 2, 707~9호 (우동, 마린파크)",051-747-0979
293,우리한의원,한의원,"부산광역시 해운대구 신반송로 193, 2층 (반송동)",051-545-8815
294,조은치과의원,치과의원,"부산광역시 해운대구  신반송로  194, 2층 7호 (반송동)",051-744-8255
295,마린시티내과의원,의원,"부산광역시 해운대구 마린시티2로 2, 701~3호 (우동, 마린파크)",051-742-0747
296,연세엘스의원,의원,"부산광역시 해운대구 구남로29번길 32, 4층 (중동)",051-702-0059
297,해운대제니스내과의원,의원,"부산광역시 해운대구 마린시티2로 33, 736,737,738,739호 (우동, 해운대두산위브더제니스)",051-742-1360
298,김태형이비인후과의원,의원,"부산광역시 해운대구 재반로 219, 2층 (반여동)",051-517-3078
299,김명진치과의원,치과의원,"부산광역시 해운대구 양운로 82, 901호 (좌동, 화인크리닉센타)",051-701-2150
300,흥재침구과한의원,한의원,"부산광역시 해운대구 좌동순환로 173, 영풍프라자 4층 401호 (좌동)",051-703-0030
301,수미치과의원,치과의원,"부산광역시 해운대구 좌동순환로 497-1, 1층 (중동)",051-702-1649
302,아산정형외과의원,의원,"부산광역시 해운대구 해운대로 407, 4층 (우동, 신세계프라자)",051-743-7582
303,새날한의원,한의원,부산광역시 해운대구 해운대로483번길 8-1 (우동),051-747-9812
304,올라잇치과의원,치과의원,"부산광역시 해운대구 세실로 86, 3층 (좌동, 대천빌딩)",051-988-2875
305,센텀경희한의원,한의원,"부산광역시 해운대구 센텀중앙로 90, 201,202호 (재송동, 큐비e센텀)",051-731-5454
306,박정숙소아청소년과의원,의원,"부산광역시 해운대구 해운대해변로 83, 401호 (우동, 경남마리나상가)",051-746-0125
307,어울림치과의원,치과의원,"부산광역시 해운대구 해운대로 407, 305호 (우동, 신세계프라자)",051-742-0775
308,더젠의원,의원,"부산광역시 해운대구 센텀남대로 50, A903호 (우동, 센텀임페리얼타워)",051-918-7756
309,가온누리한의원,한의원,"부산광역시 해운대구 센텀2로 29, 701-1호 (우동, 센텀메커스빌딩)",051-808-2575
310,아이엘소아청소년과의원,의원,"부산광역시 해운대구 마린시티2로 33, 721~3호 (우동, 해운대두산위브더제니스)",051-744-7585
311,신화재활의학과의원,의원,"부산광역시 해운대구 구남로 22, 6층 (우동, 해월프라자)",051-731-6024
312,약손청담한의원,한의원,"부산광역시 해운대구 해운대로 652, 2층 (우동)",051-731-7550
313,원영상의학과의원(The One MRI Clinic),의원,"부산광역시 해운대구 센텀2로 25, 401호 (우동, 센텀드림월드)",051-937-0303
314,녹십자의원,의원,"부산광역시 해운대구 우동1로20번길 67, 2층 (우동)",051-742-0334
315,센텀쁘띠클리닉의원,의원,"부산광역시 해운대구 센텀동로 9, 206~207호 (우동, 트럼프월드센텀아파트)",051-731-0630
316,힐링한의원,한의원,"부산광역시 해운대구 해운대로 814, B동 422호 (좌동, 세종월드프라자)",051-702-3375
317,센텀모빅스피부과의원,의원,"부산광역시 해운대구 해운대로 313, 3층일부,4~7층 (우동)",051-742-5855
318,오라클피부과의원,의원,"부산광역시 해운대구 마린시티2로 33, 104동 724~728호 (우동, 제니스)",051-714-5502
319,한사랑치과의원,치과의원,"부산광역시 해운대구 해운대로774번길 33, 201호 (좌동, 파크브라이언오피스텔)",051-701-2820
320,더제니스치과의원,치과의원,"부산광역시 해운대구 마린시티2로 33, 104동 4층 428,429,430,431호 (우동)",051-852-5533
321,웰재활의학과의원,의원,"부산광역시 해운대구 재반로 116, 6층 (재송동, 일창빌딩)",051-782-7599
322,시원이비인후과의원,의원,"부산광역시 해운대구 해운대로 407, 3층 303호 (우동, 신세계플라자)",051-746-4909
323,에코연합치과의원,치과의원,"부산광역시 해운대구 중동1로 12, 2층 (우동, 해성빌딩)",051-741-5858
324,진피부과의원,의원,"부산광역시 해운대구 좌동순환로 506, 7층 703,704호 (중동, 영풍리젠시)",051-744-8220
325,이현피부과의원,의원,"부산광역시 해운대구 재반로 116, 5층 (재송동, 일창빌딩 )",051-784-5077
326,센텀밝은빛안과의원,의원,"부산광역시 해운대구 센텀2로 20, 6층 603호 (우동, 센텀타워메디컬센타)",051-744-0096
327,뉴욕스마일치과의원,치과의원,"부산광역시 해운대구 좌동로 88, 9층 903호 (좌동, 울트라타워 )",051-702-6677
328,마리나웰치과의원,치과의원,"부산광역시 해운대구 해운대해변로 117, 상가동 2층 207호 (우동, 대우마리나1차아파트)",051-781-2879
329,노블레스홍인식성형외과의원,의원,"부산광역시 해운대구 센텀2로 33, 센텀뷰라움 3층 301.302.303호 (우동)",051-758-6636
330,백제한의원,한의원,"부산광역시 해운대구 재반로 96-2, 2층 (재송동)",051-924-4321
331,수비뇨의학과의원,의원,"부산광역시 해운대구 선수촌로 98, 3층 (반여동)",051-532-8600
332,여순소아청소년과의원,의원,"부산광역시 해운대구 센텀동로 99, 2층 204,205호 (재송동, 벽산e 센텀클래스원)",051-784-3130
333,유박의원,의원,"부산광역시 해운대구 센텀2로 25, 402호 (우동)",051-741-6971
334,미시간치과의원,치과의원,"부산광역시 해운대구 좌동순환로 174, 지하1층 (좌동, 거성플라자 )",051-702-0220
335,센텀타워치과의원,치과의원,"부산광역시 해운대구 센텀2로 20, 1501-1502호 (우동, 센텀타워메디칼)",051-743-0012
336,스펀지성형외과의원,의원,"부산광역시 해운대구 센텀2로 19, 302,303호 (우동, 센텀코아 )",051-747-4876
337,진한의원,한의원,"부산광역시 해운대구 해운대로 794, 601호 (좌동, 삼정엘리움)",051-714-0040
338,수플러스치과의원,치과의원,"부산광역시 해운대구 아랫반송로 17, 3층 (반송동)",051-545-2879
339,스마트치과의원,치과의원,"부산광역시 해운대구 선수촌로 109-1, 아시아드몰401층 (반여동)",051-527-2879
340,젠의원,의원,"부산광역시 해운대구 센텀남대로 50, A904호 (우동, 센텀임페리얼)",051-918-7755
341,센텀루이스치과의원,치과의원,"부산광역시 해운대구 센텀북대로 60, 201호 (재송동, 센텀아이에스타워)",051-780-8275
342,제니스여성한의원,한의원,"부산광역시 해운대구 마린시티2로 33, 104동 421~2호 (우동, 제니스스퀘어)",051-746-5141
343,사랑가득한의원,한의원,"부산광역시 해운대구 재반로 202, 2층 (반여동)",051-781-3681
344,반여센텀치과의원,치과의원,"부산광역시 해운대구 선수촌로 7, 5층 (반여동, 반여센텀메디컬)",051-525-7528
345,사랑이꽃피는한의원,한의원,"부산광역시 해운대구 좌동순환로 506, 영풍리젠시 302,303,404,803호 (중동)",051-747-8889
346,당신이소중한치과의원,치과의원,"부산광역시 해운대구 마린시티2로 33, 104동 729~731호 (우동, 해운대두산위브더제니스)",051-744-2877
347,사과나무치과의원,치과의원,"부산광역시 해운대구 신반송로 171, 상가동 202호 (반송동, 삼한그린타운1차)",051-544-7528
348,굿모닝가정의원,의원,부산광역시 해운대구 재반로165번길 112 (재송동),051-783-1988
349,연세소울정신건강의학과의원,의원,"부산광역시 해운대구 해운대로 794, 504호 (좌동, 삼정엘리움)",051-791-0675
350,올바른내과의원,의원,"부산광역시 해운대구 중동1로 17, 3층 (중동, 해정빌딩)",051-743-7505
351,본한의원,한의원,부산광역시 해운대구 반송로924번길 14-2 (반송동),051-545-1013
352,미다스의원,의원,"부산광역시 해운대구 센텀2로 20, 803호 (우동, 센텀타워메디컬)",1588-3019
353,효성시티치과의원,치과의원,"부산광역시 해운대구 해운대로 133, 2층 (재송동, 효성시티병원 별관)",051-781-7528
354,센텀외과의원,의원,"부산광역시 해운대구 해운대로 407, 301호 (우동, 신세계프라자)",051-704-7222
355,참나무향한의원,한의원,"부산광역시 해운대구 좌동순환로 173, 5층 501호 (좌동, 영풍프라자)",051-626-1246
356,이미지플러스치과의원,치과의원,"부산광역시 해운대구 해운대로 794, 502호 (좌동,삼정엘리움)",051-930-0555
357,서강약손한의원.강내과의원,한의원,"부산광역시 해운대구 좌동순환로 505, 센트럴메디타워 202호 (중동)",051-714-5789
358,강내과의원·서강약손한의원,의원,"부산광역시 해운대구 좌동순환로 505, 센트럴메디타워 202호 (중동)",051-714-5789
359,센텀에코의원,의원,"부산광역시 해운대구 센텀중앙로 145, 상가 7동 202-2호 (재송동, 더샵센텀파크1차아파트)",051-731-1522
360,굿모닝치과의원,치과의원,"부산광역시 해운대구 해운대로 794, 엘리움 401호 (좌동)",051-930-0930
361,연세의원,의원,"부산광역시 해운대구 선수촌로 109-1, 301호 (반여동, 아시아드몰)",051-525-8175
362,삼성뉴방외과의원,의원,"부산광역시 해운대구 해운대로 794, 603호 (좌동, 삼정엘리움)",051-703-3651
363,유정의원,의원,"부산광역시 해운대구 송정중앙로 25, 2층 (송정동)",051-703-7934
364,경희본한의원,한의원,"부산광역시 해운대구 아랫반송로21번길 2, 2층 (반송동)",051-544-1075
365,2080치과의원,치과의원,"부산광역시 해운대구 아랫반송로 12, 2층 (반송동, 서울메디컬센터)",051-583-2080
366,바로본항외과의원,의원,"부산광역시 해운대구 세실로 64, 201-3호 (좌동, 화목데파트)",051-754-7007
367,나래마취통증의학과의원,의원,"부산광역시 해운대구 좌동순환로 505, 센트럴메디타워 505~508호 (중동)",051-701-5151
368,연세뉴욕치과의원,치과의원,"부산광역시 해운대구 센텀남대로 50, A1401호 (우동, 센텀임페리얼타워)",051-741-5955
369,삼정한의원,한의원,"부산광역시 해운대구 센텀2로 10, 401호 (우동,센텀메디컬센타)",051-747-3587
370,임페리어의원,의원,"부산광역시 해운대구 해운대해변로 163 (우동, 현대베네시티아파트)",1577-6346
371,천리안안과의원,의원,"부산광역시 해운대구 재반로 199, 2층 (반여동, 새아빌딩)",051-781-7575
372,유창현외과의원,의원,"부산광역시 해운대구 센텀3로 32, 402호 (우동, 트럼프월드센텀2 상가)",051-747-0400
373,예미안치과의원,치과의원,"부산광역시 해운대구 선수촌로 102, 2층 (반여동)",051-532-2875
374,스마일정경우비뇨기과의원,의원,"부산광역시 해운대구 센텀2로 20, 203호 (우동, 센텀타워메디컬)",051-744-8181
375,뷰센스의원,의원,"부산광역시 해운대구 세실로 43, 606호 (좌동)",051-703-3996
376,결치과의원,치과의원,"부산광역시 해운대구 중동1로 25-2, 2층 (중동)",051-744-7528
377,비치안의원,의원,"부산광역시 해운대구 좌동로 88, 3층 (좌동)",051-701-0752
378,맑은샘내과의원,의원,"부산광역시 해운대구 윗반송로 68, 2층 (반송동)",051-543-8275
379,해운대구보건소 재반지소,보건지소,"부산광역시 해운대구 해운대로61번길 28 (재송동, 재반보건지소)",051-749-6532
380,세현한의원,한의원,"부산광역시 해운대구 좌동순환로 175, 대아프라자 5층 (좌동)",051-704-4375
381,보명당한의원,한의원,"부산광역시 해운대구 좌동순환로 176, 2층 (좌동, 장산빌딩)",051-702-2175
382,미안의원,의원,"부산광역시 해운대구 해운대로 369, 6층 (우동, 해운대센텀메디컬)",051-746-2044
383,튼튼어린이치과의원,치과의원,"부산광역시 해운대구 선수촌로 66, 3층 (반여동)",051-528-1275
384,고든몸한의원,한의원,"부산광역시 해운대구 좌동순환로 173, 203호 (좌동, 영풍프라자)",051-701-8733
385,센텀소중한눈안과의원,의원,"부산광역시 해운대구 센텀남대로 50, 1402호 (우동, 센텀임페리얼타워)",051-920-7788
386,엘스타의원,의원,"부산광역시 해운대구 해운대해변로 277, 다옴빌딩 4층 일부호 (중동)",051-741-8225
387,리치치과의원,치과의원,부산광역시 해운대구 구남로 27 (중동),051-741-8833
388,해인치과의원,치과의원,"부산광역시 해운대구 좌동순환로 502, 201호 (중동, 이름타워)",051-742-3344
389,장성봉일침한의원,한의원,"부산광역시 해운대구 중동2로 7, 4층 (중동)",051-747-1721
390,센텀린의원,의원,"부산광역시 해운대구 센텀남대로 50, 1001~3호 (우동, 센텀임페리얼타워)",051-920-7979
391,심재원한의원,한의원,"부산광역시 해운대구 구남로 27, 해운대오피스 2층, 지하1층 (중동)",051-731-0078
392,센텀수한의원,한의원,"부산광역시 해운대구 센텀동로 9, 2층 223호 (우동, 트럼프월드센텀아파트)",051-741-3357
393,성모이비인후과의원,의원,"부산광역시 해운대구 해운대로 413, 2층 (우동)",051-741-5353
394,박영숙정신건강의학과의원,의원,"부산광역시 해운대구 센텀2로 20, 804호 (우동, 센텀타워메디칼)",051-525-2175
395,재송한의원,한의원,"부산광역시 해운대구 해운대로161번길 44, 1층 (재송동)",051-781-9977
396,참고운치과의원,치과의원,"부산광역시 해운대구 아랫반송로 37, 3층 (반송동)",051-544-8275
397,제나이비인후과의원,의원,"부산광역시 해운대구 센텀2로 15, 401호 (우동, 센텀브라이언빌딩)",051-746-0065
398,해피덴치과의원,치과의원,"부산광역시 해운대구 선수촌로 94, 4층 (반여동)",051-529-2879
399,예쁜미소바른이치과의원,치과의원,"부산광역시 해운대구 센텀남대로 50, 803호 (우동, 센텀임페리얼타워)",051-920-7755
400,건강한장내과의원,의원,"부산광역시 해운대구 아랫반송로21번길 2, 3~4층 (반송동)",051-543-1088
401,영광한의원,한의원,"부산광역시 해운대구 해운대로 1190, 2동 (송정동)",051-701-7542
402,상쾌한위앤장내과의원,의원,"부산광역시 해운대구 재반로 169, 지하1층,1층일부,2~5층 (재송동)",051-784-8276
403,센텀뉴욕치과의원,치과의원,"부산광역시 해운대구 센텀남대로 50, 401호 (우동, 센텀임페리얼)",051-717-2853
404,VS성형외과의원,의원,"부산광역시 해운대구 센텀2로 10, 501호 (우동, 센텀메디컬센터)",051-746-0999
405,소통마취통증의학과의원(의원471),의원,부산광역시 해운대구 아랫반송로 17 (반송동),051-543-7511
406,미소를만드는치과교정과치과의원,치과의원,"부산광역시 해운대구 해운대로 814, B동 520,521호 (좌동, 세종월드프라자)",051-701-2875
407,이웃집치과의원,치과의원,"부산광역시 해운대구 좌동순환로 505, 센트럴메디타워 403,404호 (중동)",051-741-5151
408,신통한의원,한의원,부산광역시 해운대구 양운로 82 (좌동),051-701-2000
409,경희신한의원,한의원,"부산광역시 해운대구 해운대로 802, B동 303호 (좌동, 웅신시네아트)",051-701-3175
410,기생한의원,한의원,"부산광역시 해운대구 세실로 48, 211호 (좌동, 삼정코아)",051-722-7665
411,웰니스한의원,한의원,"부산광역시 해운대구 재반로 150 (재송동,반도스카이5층)",051-782-7571
412,센텀캘리포니아치과의원,치과의원,"부산광역시 해운대구 센텀2로 15, 502호 (우동, 센텀브라이빌딩)",051-746-0211
413,성모내과의원,의원,"부산광역시 해운대구 선수촌로 98 (반여동, 2층)",051-522-8575
414,민들레치과의원,치과의원,"부산광역시 해운대구 좌동로 96 (좌동, 블루수퀘어 A동 301호)",051-702-2875
415,우리재활의학과의원,의원,"부산광역시 해운대구 양운로 104 (좌동, 우리메디칼센터)",051-704-4114
416,화목치과의원,치과의원,"부산광역시 해운대구 세실로 64, 206,207호 (좌동, 화목데파트)",051-747-1411
417,아름다운내과의원,의원,"부산광역시 해운대구 좌동로 88, 701호 (좌동, 울트라타워)",051-701-6699
418,예담소아청소년과의원,의원,"부산광역시 해운대구 선수촌로 64 (반여동, 장산메디컬3층)",051-532-7511
419,센텀조은의원,의원,"부산광역시 해운대구 센텀북대로 60, 211호 (재송동, 센텀IS타워)",051-780-8877
420,길맥흉부외과의원,의원,"부산광역시 해운대구 센텀남대로 50, A1502호 (우동, 센템임페리얼타워빌딩)",051-754-9975
421,큐의원,의원,"부산광역시 해운대구 해운대로 277 (우동, 한성빌딩 4층)",051-746-7999
422,장튼튼내과의원,의원,"부산광역시 해운대구 재반로 213-1, 우리약국 2, 4층 (반여동)",051-784-2600
423,센텀척신경외과의원,의원,"부산광역시 해운대구 센텀2로 15 (우동, 센텀브라이언 5층,9층)",051-743-1300
424,반여한의원,한의원,"부산광역시 해운대구 선수촌로 179, 2층 (반여동)",051-522-7999
425,다나산부인과의원,의원,"부산광역시 해운대구 재반로 213 (반여동, 3층)",051-781-3900
426,예화인여성의원,의원,"부산광역시 해운대구 센텀2로 15 (우동, 센텀브라이언1동802호)",051-747-4500
427,유디치과의원,치과의원,"부산광역시 해운대구 해운대해변로298번길 24 (중동, 팔레드시즈 22,23,25,26)",051-743-2825
428,윤성준내과의원,의원,"부산광역시 해운대구 청사포로 16 (좌동, 락희상가 301호)",051-704-7721
429,장산부부한의원,한의원,부산광역시 해운대구 좌동순환로 80 (좌동),051-743-7075
430,센텀오딧세이치과의원,치과의원,"부산광역시 해운대구 해운대로 369, 9,10층 (우동, 해운대센텀메디칼센터)",051-743-2080
431,장팔팔내과의원,의원,"부산광역시 해운대구 해운대로 369, 해운대센텀메디칼센터 3,4층 (우동)",051-711-1088
432,바른정내과의원,의원,"부산광역시 해운대구 선수촌로 7, 201,301,601호 (반여동, 반여메디컬센터)",051-528-3400
433,센텀가정의원,의원,"부산광역시 해운대구 센텀동로 6, 3층 (우동, 삼성홈플러스)",051-609-8161
434,이브앤아담여성의원,의원,"부산광역시 해운대구 센텀2로 20, 센텀타워메디컬 1203호 (우동)",051-743-7585
435,플로라여성의원,의원,"부산광역시 해운대구 센텀2로 10, 403호 (우동, 센텀메디칼센터)",051-746-6120
436,센텀아이치과의원,치과의원,"부산광역시 해운대구 센텀중앙로 145 (재송동, 더샵센텀파크1차상가2동201호)",051-959-2875
437,킴스피부과의원,의원,"부산광역시 해운대구 센텀2로 10, 1001호 (우동, 센텀메디컬센터)",051-747-9699
438,황신경외과의원,의원,"부산광역시 해운대구 신반송로 208, 6층 (반송동)",051-543-7776
439,해운대구보건소 반송지소,보건지소,"부산광역시 해운대구 반송로 853 (반송동, 반송보건지소)",051-749-5792
440,박혜경내과의원,의원,"부산광역시 해운대구 센텀2로 10, 702호 (우동, 센텀메디컬센터)",051-731-7400
441,해운대센텀이비인후과의원,의원,"부산광역시 해운대구 해운대로 369, 8층 (우동, 해운대센텀메디칼센타)",051-747-6700
442,연세비뇨기과의원,의원,"부산광역시 해운대구 세실로 45, 305호 (좌동, 대승프라자)",051-702-0092
443,뷰티스피부과의원,의원,"부산광역시 해운대구 센텀2로 10, 602호 (우동, 센텀메디컬센타)",051-717-2645
444,모짜르트치과의원,치과의원,"부산광역시 해운대구 해운대로 802, 305호 (좌동, 웅진시네아트)",051-701-1616
445,오후한의원,한의원,"부산광역시 해운대구 마린시티2로 33, 104동 432호 (우동, 제니스스퀘어)",051-744-0678
446,아이공감정신건강의학과의원,의원,"부산광역시 해운대구 해운대로 369, 7층 (우동, 해운대센텀메디칼센타)",051-742-7515
447,삼성제일산부인과의원,의원,"부산광역시 해운대구 해운대로 369, 5층 (우동, 해운대센텀메디칼센타)",051-747-3999
448,자기치아살리기드림플란트치과의원,치과의원,부산광역시 해운대구 달맞이길 135 (중동),051-741-7528
449,박이비인후과의원,의원,"부산광역시 해운대구 선수촌로 102-2, 3층 (반여동, 부원메디칼센터)",051-532-7300
450,센텀일신소아청소년과의원,의원,"부산광역시 해운대구 센텀동로 90, 201호 (재송동, 센텀필2)",051-782-0002
451,미플러스센텀의원,의원,"부산광역시 해운대구 센텀남대로 50, A402호 (우동, 센텀임페리얼)",051-742-9003
452,신세계성형외과의원,의원,"부산광역시 해운대구 센텀남대로 50, 8층 802호 (우동, 센텀임페리얼타워)",051-743-6446
453,생기한의원,한의원,"부산광역시 해운대구 센텀3로 20, 벡스코 비지니스호텔 201호 (우동)",051-714-3112
454,장산한의원,한의원,"부산광역시 해운대구 해운대로383번길 45, 2층 (우동)",051-747-7709
455,더아름다운성형외과의원,의원,"부산광역시 해운대구 센텀2로 15, 601호 (우동, 센텀브라이언)",051-747-7774
456,이동윤한의원,한의원,부산광역시 해운대구 해운대로383번길 5 (우동),051-741-5566
457,산돌의원,의원,"부산광역시 해운대구 반여로167번길 76, 2,3층 (반여동)",051-522-1799
458,이&이치과의원,치과의원,"부산광역시 해운대구 해운대로 407, 503호 (우동, 신세계프라자)",051-558-2828
459,브니엘산부인과의원,의원,"부산광역시 해운대구 달맞이길 30, 포디움동 2층 2073호 (중동, 엘시티)",051-742-9977
460,고려신경외과의원,의원,"부산광역시 해운대구 재반로 199, 3층 (반여동, 새아빌딩)",051-532-0002
461,삼성한의원,한의원,"부산광역시 해운대구 재반로 257, 2층 (반여동)",051-781-0606
462,e-청담한의원,한의원,"부산광역시 해운대구 좌동순환로 181, 3층 (좌동, 진성빌딩)",051-701-5559
463,미소메디칼내과의원,의원,"부산광역시 해운대구 재반로 150, 301호 (재송동, 보라스카이타운)",051-784-5675
464,임안과의원,의원,"부산광역시 해운대구 신반송로 207, 4층 (반송동)",051-545-0015
465,덕바로치과의원,치과의원,"부산광역시 해운대구 좌동순환로 505, 센트럴메디타워 5층 503~504호 (중동)",051-702-2806
466,좋은한의원,한의원,부산광역시 해운대구 선수촌로 86 (반여동),051-527-8254
467,재송남산의원,의원,"부산광역시 해운대구 재반로 153, 2층 (재송동)",051-781-1199
468,예일의원,의원,"부산광역시 해운대구 선수촌로 102-2, 6층 (반여동, 부원메디컬센터)",051-523-1003
469,마리나정형외과의원,의원,"부산광역시 해운대구 아랫반송로 12, 6~9층 (반송동)",051-731-0880
470,센텀한의원,한의원,"부산광역시 해운대구 센텀중앙로 145, 상가6동 215호 (재송동, 더샵센텀파크 1차@)",051-744-5475
471,센텀리더스치과의원,치과의원,"부산광역시 해운대구 센텀동로 90, 208,209호 (재송동, 센텀필2관)",051-783-3125
472,한사랑의원,의원,"부산광역시 해운대구 대천로67번길 4, 202,203호 (좌동, 해운대주공아파트상가)",051-731-0753
473,이화내과의원,의원,"부산광역시 해운대구 선수촌로 102-2, 4층 (반여동, 부원메디칼센터)",051-532-8575
474,신동백한의원,한의원,"부산광역시 해운대구 아랫반송로21번길 4, 2층 (반송동)",051-545-4500
475,누리마루한의원,한의원,"부산광역시 해운대구 마린시티3로 23 (우동, 벽산e오렌지프라자 309, 310호)",051-744-5959
476,편한세상한의원,한의원,"부산광역시 해운대구 세실로 64 (좌동, 화목데파트상가 202-1호)",051-702-5033
477,김수권치과의원,치과의원,"부산광역시 해운대구 센텀중앙로 145, 6동 216호 (재송동, 더샵센텀파크1차아파트)",051-743-2733
478,아름다운휴치과의원,치과의원,"부산광역시 해운대구 센텀중앙로 145, 6동 214호 (재송동, 더샵센텀파크상가)",051-744-3602
479,평화강한의원,한의원,"부산광역시 해운대구 선수촌로 102-2, 2층 (반여동, 부원메디칼빌딩)",051-529-7579
480,박성수소아청소년과의원,의원,"부산광역시 해운대구 해운대로38번길 70, 3층 302호 (재송동)",051-783-0220
481,조은마취통증의학과의원,의원,"부산광역시 해운대구 좌동순환로 174, 502호 (좌동, 거성프라자)",051-702-8816
482,해운대뉴욕치과의원,치과의원,"부산광역시 해운대구 양운로 82, 3층 (좌동, 화인크리닉센타)",051-703-2845
483,e화이트치과의원,치과의원,"부산광역시 해운대구 좌동순환로 182, 302호 (좌동, 명주빌딩)",051-702-7522
484,해운대봄한의원,한의원,"부산광역시 해운대구 중동2로 12-1, 5층 (중동)",051-743-2300
485,더화이트치과의원,치과의원,"부산광역시 해운대구 해운대로 632, 깨끗한 빌딩 6층 (우동)",051-742-7888
486,수정형외과의원,의원,"부산광역시 해운대구 해운대로 415, 5층 (우동)",051-711-7582
487,진안과의원,의원,"부산광역시 해운대구 재반로 82, 3층 (재송동)",051-783-1005
488,변의원,의원,"부산광역시 해운대구 재반로 85, 2층 (재송동)",051-784-5247
489,미소담치과의원,치과의원,"부산광역시 해운대구 재반로 150, 4층 (재송동)",051-783-7528
490,자연뜰한의원,한의원,"부산광역시 해운대구 해운대로 814 (좌동, 세종월드프라자A동 410호,411호,412호)",051-704-7911
491,삼성의원,의원,부산광역시 해운대구 반송로924번길 13-1 (반송동),051-542-1666
492,송정한의원,한의원,"부산광역시 해운대구 송정중앙로 19 (송정동, 코스마@ 상가101호)",051-703-1249
493,태성형외과의원,의원,"부산광역시 해운대구 구남로 27, 4층 (중동, 해운대오피스)",051-746-7004
494,우리의원,의원,"부산광역시 해운대구 해운대로 802, 301,307호 (좌동, 웅신시네아트)",051-703-6700
495,코코한의원,한의원,"부산광역시 해운대구 해운대로 802, 315호 (좌동, 웅신시네아트)",051-702-8253
496,해운대한의원,한의원,"부산광역시 해운대구 재반로 82, 1층 (재송동)",051-784-3136
497,사상한의원,한의원,부산광역시 해운대구 해운대로 375-3 (우동),051-747-9929
498,금호한의원,한의원,"부산광역시 해운대구 재반로 79, 1층 (재송동)",051-781-0965
499,예스유비뇨기과의원,의원,"부산광역시 해운대구 해운대로 802, 318호 (좌동, 웅신시네아트)",051-702-8884
500,서울파티마의원,의원,"부산광역시 해운대구 센텀2로 19 (우동,센텀코아 2층)",051-747-0035
501,참밝은안과의원,의원,"부산광역시 해운대구 아랫반송로 12, 5층 (반송동)",051-544-7754
502,고운비뇨기과의원,의원,"부산광역시 해운대구 재반로 89, 2층 (재송동)",051-783-7582
503,김미란산부인과의원,의원,"부산광역시 해운대구 재반로 82, 2층 (재송동, 장안빌딩)",051-781-7877
504,참조은내과의원,의원,"부산광역시 해운대구 재반로 82 (재송동, 장안빌딩 1층)",051-781-1080
505,동인당한의원,한의원,부산광역시 해운대구 재송2로 30 (재송동),051-784-4515
506,하늘빛안과의원,의원,"부산광역시 해운대구 선수촌로 109-1, 2층 (반여동, 아시아드몰)",051-522-9393
507,인동한의원,한의원,부산광역시 해운대구 중동1로 44 (중동),051-742-3003
508,정혜인치과의원,치과의원,"부산광역시 해운대구 해운대로 428, 209호 (우동, 동부올림픽타운상가)",051-747-2897
509,우리치과의원,치과의원,부산광역시 해운대구 반송로924번길 14-2 (반송동),051-543-7528
510,치아사랑치과의원,치과의원,"부산광역시 해운대구 선수촌로 92, 3층 (반여동)",051-522-4655
511,뉴욕아름다운치과의원,치과의원,"부산광역시 해운대구 좌동순환로 506, 604호 (중동, 영풍리젠시)",051-731-7512
512,박준형피부과의원,의원,"부산광역시 해운대구 해운대로 409, 501호 (우동, 굿팀메디털)",051-746-7547
513,로얄키즈소아청소년과의원,의원,"부산광역시 해운대구 양운로 82, 604호 (좌동, 화인크리닉센터)",051-704-0411
514,아침한의원,한의원,"부산광역시 해운대구 세실로 48, 207호 (좌동)",051-704-8875
515,센텀월드치과의원,치과의원,"부산광역시 해운대구 해운대로 381-3, 2층 (우동)",051-747-7528
516,서울마취통증의학과의원,의원,"부산광역시 해운대구 센텀2로 20, 1303호 (우동, 센텀타워메디칼)",051-742-6275
517,경동한의원,한의원,"부산광역시 해운대구 좌동순환로 503 (중동, 웰비치상가)",051-741-8312
518,부산예치과의원,치과의원,"부산광역시 해운대구 센텀3로 20, 벡스코 비지니스호텔 207-4호 (우동)",051-741-7790
519,가원치과의원,치과의원,"부산광역시 해운대구 선수촌로 98, 2층 (반여동, 경산빌딩)",051-524-2080
520,CDC해운대어린이치과의원,치과의원,"부산광역시 해운대구 좌동순환로 506, 804호 (중동, 영풍리젠시)",051-746-1275
521,이사랑치과의원,치과의원,"부산광역시 해운대구 재반로 213, 3층 (반여동)",051-781-2802
522,약손한의원,한의원,"부산광역시 해운대구 해운대로81번길 12, 2층 (재송동)",051-543-0102
523,라이프치과의원,치과의원,부산광역시 해운대구 중동1로 17 (중동),051-746-8575
524,이지소아청소년과의원,의원,"부산광역시 해운대구 반여로 131, 307호 (반여동, 아시아선수촌프레스센)",051-527-7170
525,이롬치과의원,치과의원,"부산광역시 해운대구 반여로 104-10, 305호 (반여동, 아시아선수촌프레스센터)",051-526-3590
526,늘편한내과의원,의원,"부산광역시 해운대구 반여로 131, 306호 (반여동, 프레스상가)",051-521-3036
527,우리치과의원,치과의원,"부산광역시 해운대구 해운대로 636, 2,3층 (우동)",051-746-2875
528,세현마취통증의학과의원,의원,"부산광역시 해운대구 해운대로 637, 2층 (우동, 메디현대빌딩)",051-743-7570
529,함소아한의원,한의원,"부산광역시 해운대구 양운로 98, 6층 (좌동, 대하프라자)",051-704-3366
530,플라워치과의원,치과의원,"부산광역시 해운대구 해운대해변로 154, 2층 (우동, 마리나센터)",051-747-2275
531,부산제일의원,의원,부산광역시 해운대구 재반로 231 (반여동),051-782-2661
532,영재치과의원,치과의원,부산광역시 해운대구 우동2로 50-12 (우동),051-741-6757
533,한마음한의원,한의원,부산광역시 해운대구 양운로 122 (좌동),051-704-4575
534,강보승이비인후과의원,의원,부산광역시 해운대구 구남로29번길 26 (중동),051-744-2718
535,손영찬정형외과의원,의원,"부산광역시 해운대구 좌동순환로 173, 7층 (좌동, 영풍프라자)",051-703-0017
536,한솔치과의원,치과의원,부산광역시 해운대구 아랫반송로21번길 8 (반송동),051-545-2275
537,행복한내과의원,의원,"부산광역시 해운대구 중동1로 26, 2,3층 (중동, 행복한메디칼)",051-741-3311
538,평거한의원,한의원,"부산광역시 해운대구 좌동순환로 174 (좌동, 거성프라자 201호)",051-703-1275
539,마린성형외과의원,의원,"부산광역시 해운대구 구남로29번길 32, 3층 (중동, 해운대빌딩)",051-747-9555
540,제네시스성형외과의원,의원,"부산광역시 해운대구 해운대해변로 257, 하버타운 1305~1308호 (우동)",051-740-6545
541,참조은치과의원,치과의원,"부산광역시 해운대구 중동1로 31, 2층 (중동)",051-741-3210
542,선한한의원,한의원,"부산광역시 해운대구 청사포로 16, 201호 (좌동)",051-702-1075
543,바로치과의원,치과의원,"부산광역시 해운대구 해운대해변로 83, 4층 (우동, 경남마리나상가)",051-747-2280
544,세프치과의원,치과의원,"부산광역시 해운대구 해운대해변로 257, 707호 (우동)",051-915-2828
545,최가정의학과의원,의원,"부산광역시 해운대구 재반로 248, 2층 (반여동)",051-783-9170
546,바스키아의원,의원,"부산광역시 해운대구 좌동순환로 505, 센트럴메디타워 401~402호 (중동)",051-742-6370
547,뉴센치과의원,치과의원,"부산광역시 해운대구 해운대로38번길 70, 3층 (재송동)",051-782-2875
548,서울외과의원,의원,"부산광역시 해운대구 양운로 82, 해운대화인크리닉센타 5층 502호 (좌동)",051-704-7273
549,아이비치과의원,치과의원,"부산광역시 해운대구 좌동순환로 307-1, 3층 (좌동, 한창플라자)",051-702-2727
550,선치과의원,치과의원,부산광역시 해운대구 재반로 221 (반여동),051-781-2875
551,경세민한의원,한의원,"부산광역시 해운대구 해운대로 814, A동 2층 (좌동, 세종월드프라자)",051-701-3100
552,카멜리아한의원,한의원,"부산광역시 해운대구 마린시티1로 167, 202~5호 (우동, 현대카멜리아)",051-743-7525
553,느티나무내과의원,의원,"부산광역시 해운대구 해운대해변로 83, 402호 (우동, 경남마리나상가)",051-743-1275
554,강정신건강의학과의원,의원,"부산광역시 해운대구 양운로 82, 801호 (좌동, 화인크리닉)",051-701-2772
555,참신경외과의원,의원,부산광역시 해운대구 선수촌로 65-29 (반여동),051-531-1119
556,소마한의원,한의원,"부산광역시 해운대구 해운대로 620, 해운대 라뮤에뜨 227호 (우동)",051-784-7637
557,순백피부과의원,의원,"부산광역시 해운대구 해운대로 637, 4층 (우동, 메디현대빌딩)",051-743--990
558,정혜경소아청소년과의원,의원,"부산광역시 해운대구 삼어로 61, 204호 (반여동, 우방신세계타운주상가)",051-521-1680
559,대운한의원,한의원,"부산광역시 해운대구 양운로 182 (좌동, 두산1차@주상가동 207,208호)",051-704-7524
560,김승한의원,한의원,부산광역시 해운대구 재반로 249 (반여동),051-782-8275
561,리베라치과의원,치과의원,"부산광역시 해운대구 구남로29번길 26, 4층 (중동, 해운빌딩)",051-747-7582
562,해운대산부인과의원,의원,부산광역시 해운대구 중동1로 30 (중동),051-746-0707
563,세지한의원,한의원,"부산광역시 해운대구 해운대로 637, 5층 (우동)",051-741-7597
564,의료법인 열린의료재단 해운대열린의원,의원,"부산광역시 해운대구 마린시티3로 1, 316-320호 (우동, 썬프라자)",051-731-0626
565,구순본정형외과의원,의원,"부산광역시 해운대구 좌동순환로 441, 2~3, 5~6층 (중동, 부산중2동우편취급국)",051-742-8005
566,해운대남산내과의원,의원,"부산광역시 해운대구 센텀2로 25, 8층 801호 (우동, 센텀드림월드)",051-746-1661
567,천초한의원,한의원,"부산광역시 해운대구 반송로924번길 13, 2층 (반송동)",051-545-7272
568,허준이비인후과의원,의원,"부산광역시 해운대구 센텀2로 20, 1204호 (우동, 센텀타워메디칼)",051-781-6226
569,아름다운피부과의원,의원,"부산광역시 해운대구 해운대로 802, 313호 (좌동, 웅신시네아트)",051-702-8575
570,맥한의원,한의원,"부산광역시 해운대구 해운대해변로 83, 404호 (우동, 경남마리나상가)",051-743-6184
571,예일치과의원,치과의원,"부산광역시 해운대구 청사포로 16, 404호 (좌동, 락희상가)",051-702-1616
572,서울피부과의원,의원,"부산광역시 해운대구 해운대해변로 154, 마리나센타 502호 (우동)",051-746-6345
573,정내과의원,의원,"부산광역시 해운대구 좌동순환로 173, 502호 (좌동, 영풍프라자)",051-702-7533
574,하얀나라피부과의원,의원,"부산광역시 해운대구 양운로 82, 501호 (좌동, 화인크리닉)",051-704-7057
575,연세메디컬의원,의원,"부산광역시 해운대구 해운대해변로 163, 상가동 201,202호 (우동, 현대베네시티아파트)",051-743-2328
576,신세기이비인후과의원,의원,"부산광역시 해운대구 세실로 43, 301호 (좌동)",051-704-0370
577,신세계신경외과의원,의원,"부산광역시 해운대구 좌동순환로 505, 7층 704호~708호 (중동)",051-747-0651
578,배광열소아청소년과의원,의원,부산광역시 해운대구 재반로 83 (재송동),051-782-4146
579,노선화산부인과의원,의원,"부산광역시 해운대구 좌동순환로 173, 301호 (좌동, 영풍프라자)",051-702-9008
580,부강비뇨의학과의원,의원,"부산광역시 해운대구 좌동순환로 505, 센트럴메디타워 307호, 308호 (중동)",051-747-7200
581,이종철치과의원,치과의원,부산광역시 해운대구 재반로 239 (반여동),051-784-2875
582,비타민피부과의원,의원,"부산광역시 해운대구 좌동순환로 173, 8층 (좌동, 영풍프라자)",051-704-8275
583,21세기치과의원,치과의원,"부산광역시 해운대구 해운대로 814, B동 424호 (좌동, 세종월드)",051-703-7533
584,해운대가족의원,의원,부산광역시 해운대구 우동2로 16 (우동),051-747-9992
585,새아여성의원,의원,"부산광역시 해운대구 재반로 199, 4층 (반여동, 새아빌딩)",051-782-7332
586,해원산부인과의원,의원,부산광역시 해운대구 운봉길 3 (반송동),051-545-1217
587,바른이치과의원,치과의원,부산광역시 해운대구 양운로42번길 20 (좌동),051-703-5035
588,탑서울치과의원,치과의원,"부산광역시 해운대구 좌동순환로 178, 한솔빌딩 3층 (좌동)",051-702-2800
589,프랜드정치과의원,치과의원,"부산광역시 해운대구 세실로 43, 305호 (좌동)",051-702-7744
590,연세이비인후과의원,의원,"부산광역시 해운대구 양운로 82, 402호 (좌동, 화인크리닉)",051-703-7582
591,강치과의원,치과의원,부산광역시 해운대구 신반송로 207 (반송동),051-542-2220
592,김내과의원,의원,"부산광역시 해운대구 세실로 43, 401,403,405,406호 (좌동, 경동코아)",051-703-7010
593,오이비인후과의원,의원,"부산광역시 해운대구 좌동순환로 307-1, 202호 (좌동, 한창프라자)",051-703-5200
594,김현경안과의원,의원,"부산광역시 해운대구 좌동순환로 174, 303호 (좌동, 거성프라자)",051-702-7788
595,서울안과의원,의원,"부산광역시 해운대구 세실로 43, 306호 (좌동, 경동코아빌딩)",051-702-7575
596,세민정형외과의원,의원,"부산광역시 해운대구 중동1로 15-2, 2층 (우동)",051-743-5731
597,누리사랑외과소아청소년과의원,의원,"부산광역시 해운대구 해운대로 415, 3층 (우동)",051-747-7550
598,열린치과의원,치과의원,부산광역시 해운대구 신반송로 208 (반송동),051-544-2875
599,금강치과의원,치과의원,"부산광역시 해운대구 좌동순환로 301, 201호 (좌동)",051-704-2875
600,고내과의원,의원,"부산광역시 해운대구 좌동순환로 307-1, 201호 (좌동, 한창프라자)",051-701-7666
601,조만종내과·김정호외과의원,의원,부산광역시 해운대구 신반송로 207 (반송동),051-542-0041
602,예인치과의원,치과의원,"부산광역시 해운대구 중동2로 16, 3층 (중동, 해운대온천센타)",051-746-6221
603,이인훈소아청소년과의원,의원,"부산광역시 해운대구 좌동순환로 301, 3층 (좌동, 금강빌딩)",051-703-0075
604,최영주산부인과의원,의원,"부산광역시 해운대구 해운대로 802, B동 302호 (좌동, 웅신시네아트)",051-704-2020
605,김중규의원,의원,부산광역시 해운대구 재송2로 31 (재송동),051-784-9403
606,나라치과의원,치과의원,"부산광역시 해운대구 좌동순환로 457, 401호 (중동,백송오피스텔)",051-731-2875
607,우내과의원,의원,"부산광역시 해운대구 좌동순환로 309, 202호 (좌동)",051-701-5138
608,해운대정신건강의학과의원,의원,부산광역시 해운대구 구남로29번길 38 (중동),051-746-1585
609,정경민치과의원,치과의원,"부산광역시 해운대구 해운대로 793, 2층 208호 (좌동, 자생한방병원)",051-701-0004
610,부산광역시해운대구보건소,보건소,부산광역시 해운대구 양운로37번길 59 (좌동),051-749-7501
611,문훈치과의원,치과의원,부산광역시 해운대구 재반로 253-1 (반여동),051-781-9917
612,김준호안과의원,의원,"부산광역시 해운대구 양운로 82, 404호 (좌동, 화인크리닉센타)",051-702-4110
613,해운대윤정형외과의원,의원,"부산광역시 해운대구 양운로 82, 해운대화인크리닉센타 7층 701~704호 (좌동)",051-702-0114
614,위앤장내과의원,의원,"부산광역시 해운대구 양운로 82, 10층 601,602호 (좌동, 화인크리닉센타)",051-702-0675
615,일승한의원,한의원,"부산광역시 해운대구 세실로 45, 405호 (좌동, 대승프라자)",051-702-5180
616,정앤김이비인후과의원,의원,"부산광역시 해운대구 좌동순환로 174, 거성빌딩 402,802일부,901,902호 (좌동)",051-702-3937
617,중외부부한의원,한의원,"부산광역시 해운대구 우동1로20번길 77, 2층 (우동)",051-741-8471
618,월드치과의원,치과의원,"부산광역시 해운대구 좌동순환로 173, 602호 (좌동, 월드프라자)",051-701-2564
619,고운치과의원,치과의원,"부산광역시 해운대구 좌동순환로 177, 제일빌딩 2층 (좌동)",051-702-2275
620,채요한이비인후과의원,의원,부산광역시 해운대구 신반송로 207 (반송동),051-541-2929
621,지창하비뇨기과의원,의원,"부산광역시 해운대구 좌동순환로 174, 302호 (좌동, 거성프라자)",051-702-2017
622,고운피부과의원,의원,"부산광역시 해운대구 구남로29번길 26, 2층 (중동)",051-746-0243
623,황내과의원,의원,"부산광역시 해운대구 좌동순환로 174, 401호 (좌동, 거성프라자)",051-702-6565
624,소망한의원,한의원,"부산광역시 해운대구 양운로 108, 3층 (좌동)",051-702-0515
625,선재부부치과의원,치과의원,부산광역시 해운대구 세실로 48 (좌동),051-702-2828
626,김동훈한의원,한의원,부산광역시 해운대구 재반로 85 (재송동),051-781-2317
627,병인한의원,한의원,부산광역시 해운대구 선수촌로 51 (반여동),051-528-0180
628,유상한의원,한의원,"부산광역시 해운대구 달맞이길65번길 15, 201호 (중동, 협진상가)",051-742-3472
629,권순완소아청소년과의원,의원,"부산광역시 해운대구 선수촌로 94, 201호 (반여동, 대룡빌딩)",051-528-6914
630,서울수치과의원,치과의원,"부산광역시 해운대구 해운대로 814, 310호 (좌동, 세종월드프라자)",051-742-2875
631,재송부부치과의원,치과의원,부산광역시 해운대구 재반로 83 (재송동),051-784-7285
632,해운대치과의원,치과의원,"부산광역시 해운대구 중동2로 12-1, 4층 (중동, 우리은행)",051-743-1355
633,아이들치과의원,치과의원,"부산광역시 해운대구 마린시티3로 1, 339호 (우동, 선프라자오피스텔)",051-747-1317
634,이내과의원,의원,"부산광역시 해운대구 아랫반송로 12, 3층 (반송동)",051-544-9137
635,김상민이비인후과의원,의원,"부산광역시 해운대구 재반로 82, 3층 (재송동, 김상민이비인후과의원)",051-782-2656
636,해인의원,의원,부산광역시 해운대구 신반송로 197 (반송동),051-541-0450
637,삼진한의원,한의원,"부산광역시 해운대구 구남로29번길 38, 6층 (중동, 혜천빌딩)",051-742-6688
638,오정세치과의원,치과의원,"부산광역시 해운대구 좌동로 98, 2동 401,402호 (좌동, 디베르비타)",051-701-2379
639,태극한의원,한의원,부산광역시 해운대구 우동1로 75 (우동),051-741-7625
640,수생한의원,한의원,"부산광역시 해운대구 선수촌로 4, 1층 (반여동, 수생한의원)",051-525-7575
641,김민수비뇨기과의원,의원,"부산광역시 해운대구 해운대로61번길 106, 2층 (반여동)",051-782-9565
642,동남치과의원,치과의원,"부산광역시 해운대구 해운대로 600, 3층 (우동)",051-741-9275
643,서성국안과의원,의원,부산광역시 해운대구 재반로 198-1 (반여동),051-783-7987
644,문내과의원,의원,부산광역시 해운대구 재반로 193-1 (반여동),051-784-2227
645,선경한의원,한의원,"부산광역시 해운대구 양운로 98 (좌동,대하프라자 2층)",051-742-1091
646,김영삼치과의원,치과의원,부산광역시 해운대구 송정중앙로 17 (송정동),051-703-9369
647,우리들치과의원,치과의원,"부산광역시 해운대구 재반로 116, 3층 (재송동)",051-783-2340
648,김동균이비인후과의원,의원,부산광역시 해운대구 재반로 200 (반여동),051-781-0023
649,박주원치과의원,치과의원,"부산광역시 해운대구 선수촌로 102, 3층 (반여동, 부원빌딩)",051-529-7434
650,프랜드치과의원,치과의원,"부산광역시 해운대구 재반로 227, 3층 (반여동, 수협)",051-783-2875
651,세진한의원,한의원,부산광역시 해운대구 재반로 111 (재송동),051-781-0983
652,미의원,의원,"부산광역시 해운대구 아랫반송로 12, 4층 (반송동)",051-545-3458
653,내츄럴치과의원,치과의원,"부산광역시 해운대구 마린시티3로 23 (우동, 벽산e오렌지프라자)",051-731-2575
654,이재호치과의원,치과의원,부산광역시 해운대구 해운대로161번길 45-1 (재송동),051-782-7528
655,늘푸른치과의원,치과의원,부산광역시 해운대구 재반로 206 (반여동),051-783-0224
656,오치과의원,치과의원,부산광역시 해운대구 중동1로19번길 15 (중동),051-746-1216
657,세광치과의원,치과의원,부산광역시 해운대구 반송로924번길 25-2 (반송동),051-543-2875
658,권내과의원,의원,부산광역시 해운대구 반송로924번길 14 (반송동),051-542-5666
659,한선한의원,한의원,"부산광역시 해운대구 해운대로 407 (우동, 프라자빌딩 501호, 502호)",051-743-6796
660,이준희정형외과의원,의원,부산광역시 해운대구 아랫반송로 37 (반송동),051-543-9564
661,최성철내과의원,의원,"부산광역시 해운대구 선수촌로 64, 2층 (반여동)",051-528-8844
662,문한의원,한의원,"부산광역시 해운대구 좌동순환로 245, 5층 (좌동, 성암빌딩)",051-702-7889
663,이치과의원,치과의원,"부산광역시 해운대구 해운대로 637, 3층 (우동, 메디현대빌딩)",051-743-2826
664,정두윤치과의원,치과의원,부산광역시 해운대구 해운대로161번길 43-1 (재송동),051-781-6130
665,조영치과의원,치과의원,"부산광역시 해운대구 해운대로 802, 웅신시네아트 A동 311호 (좌동)",051-746-2525
666,미시간치과의원,치과의원,"부산광역시 해운대구 재반로 82, 2층 (재송동, 장안빌딩)",051-782-0075
667,조성호정형외과의원,의원,부산광역시 해운대구 해운대로91번길 10 (재송동),051-782-1301
668,조옥인치과의원,치과의원,"부산광역시 해운대구 좌동순환로 309, 401호 (좌동, 삼성프라자)",051-703-2875
669,윤치과의원,치과의원,부산광역시 해운대구 해운대로 652 (우동),051-742-3525
670,반송한의원,한의원,부산광역시 해운대구 윗반송로31번길 97 (반송동),051-542-9090
671,박영내과의원,의원,"부산광역시 해운대구 재반로 221-1, 2층 (반여동)",051-782-4435
672,전광남정형외과의원,의원,"부산광역시 해운대구 선수촌로 8-2, 1,2층 (반여동)",051-527-8800
673,반송치과의원,치과의원,"부산광역시 해운대구 반송로 926 (반송동, 반송치과의원)",051-542-5040
674,유재상내과의원,의원,부산광역시 해운대구 아랫반송로21번길 26 (반송동),051-543-9001
675,드림내과의원,의원,"부산광역시 해운대구 중동1로 32, 2층 (중동)",051-742-9200
676,바다치과의원,치과의원,"부산광역시 해운대구 양운로 98, 306호 (좌동, 대하프라자)",051-704-1584
677,한미치과의원,치과의원,부산광역시 해운대구 선수촌로 55 (반여동),051-524-2875
678,김대석외과의원,의원,부산광역시 해운대구 반송로 896 (반송동),051-542-8844
679,고의영치과의원,치과의원,"부산광역시 해운대구 재반로 193-1, 3층 (반여동)",051-783-2636
680,조경일안과의원,의원,부산광역시 해운대구 구남로29번길 38 (중동),051-747-4656
681,이헌용외과의원,의원,"부산광역시 해운대구 선수촌로 165, 1~2층 (반여동)",051-523-8254
682,산수한의원,한의원,부산광역시 해운대구 아랫반송로21번길 38 (반송동),051-524-1794
683,해운대이비인후과의원,의원,부산광역시 해운대구 구남로29번길 38 (중동),051-746-8494
684,최치과의원,치과의원,"부산광역시 해운대구 구남로29번길 38, 혜천빌딩 4층 (중동)",051-746-3747
685,서울치과의원,치과의원,"부산광역시 해운대구 선수촌로 53, 2~3층 (반여동)",051-544-5692
686,김양규한의원,한의원,부산광역시 해운대구 재반로 213-1 (반여동),051-781-6934
687,양현식치과의원,치과의원,부산광역시 해운대구 중동1로 35 (중동),051-746-2245
688,이성근치과의원,치과의원,"부산광역시 해운대구 선수촌로 51, 2층 (반여동)",051-523-4789
689,정경한의원,한의원,"부산광역시 해운대구 중동1로 12, 6층 (우동)",051-746-4018
690,세강한의원,한의원,부산광역시 해운대구 해운대로61번길 103 (반여동),051-783-1605
